id,nation,year,parser,location,file,publisher,title,url,landing_page,sha256
dwp-uc-england-2014-2019,ENGLAND,2014-2019,dwp_uc,uc_rate,england-universal-credit-local-housing-allowance-rates-2014-2019.ods,Department for Work and Pensions,England: Universal Credit Local Housing Allowance rates 2014 to 2019,https://assets.publishing.service.gov.uk/media/5d0b871740f0b6200473c662/england-universal-credit-local-housing-allowance-rates-2014-2019.ods,https://www.gov.uk/government/publications/universal-credit-local-housing-allowance-rates,c4325b036b770d908105c92903ee2ee296b84f6a2020ca0ea43e84c08807b706
dwp-uc-england-2020,ENGLAND,2020,dwp_uc,uc_rate,england-rates-2020-to-2021.ods,Department for Work and Pensions,England: Universal Credit Local Housing Allowance rates 2020 to 2021,https://assets.publishing.service.gov.uk/media/606eedc3e90e076f57af8483/england-rates-2020-to-2021.ods,https://www.gov.uk/government/publications/universal-credit-local-housing-allowance-rates-2020-to-2021,20e7671066d6a4df042012426a387d27cec0aad491d72f7ac9154ab7ca3895a7
dwp-uc-england-2021,ENGLAND,2021,dwp_uc,uc_rate,england-rates-2021-to-2022.ods,Department for Work and Pensions,England: Universal Credit Local Housing Allowance rates 2021 to 2022,https://assets.publishing.service.gov.uk/media/606eefbe8fa8f5735f2a2466/england-rates-2021-to-2022.ods,https://www.gov.uk/government/publications/universal-credit-local-housing-allowance-rates-2021-to-2022,a5bcd23f071bc376bf9e9e1bed2cc7a4afa684b43a70e8176724516fd45e1e48
dwp-uc-england-2022,ENGLAND,2022,dwp_uc,uc_rate,england-rates-2022-to-2023.csv,Department for Work and Pensions,England: Universal Credit Local Housing Allowance monthly rates 2022 to 2023,https://assets.publishing.service.gov.uk/media/622f20118fa8f56c1ba9dc6f/england-rates-2022-to-2023.csv,https://www.gov.uk/government/publications/universal-credit-local-housing-allowance-rates-2022-to-2023,7c0d5057e8b02965d2a3c9395766683031c910240a703b74af6e7501cb9439f6
dwp-uc-england-2023,ENGLAND,2023,dwp_uc,uc_rate,england-rates-2023-to-2024.csv,Department for Work and Pensions,England: Universal Credit Local Housing Allowance monthly rates 2023 to 2024,https://assets.publishing.service.gov.uk/media/646f73c4ab40bf0010196aa7/england-rates-2023-to-2024.csv,https://www.gov.uk/government/publications/universal-credit-local-housing-allowance-rates-2023-to-2024,4cbfd791663345bc21e4219cb694a470cb72cc369322d7ad0d254e6d9d1dce7f
dwp-uc-england-2024,ENGLAND,2024,dwp_uc,uc_rate,england-rates-2024-to-2025-revised.csv,Department for Work and Pensions,England: Universal Credit Local Housing Allowance monthly rates 2024 to 2025,https://assets.publishing.service.gov.uk/media/664b5562ae748c43d3793e90/england-rates-2024-to-2025-revised.csv,https://www.gov.uk/government/publications/universal-credit-local-housing-allowance-rates-2024-to-2025,da7e106fbc88a7f07e3668eba354c7d4873ced3b7e5a26398b9ebb64617dbfcf
dwp-uc-england-2025,ENGLAND,2025,dwp_uc,uc_rate,england-rates-2025-to-2026.csv,Department for Work and Pensions,England: Universal Credit Local Housing Allowance monthly rates 2025 to 2026,https://assets.publishing.service.gov.uk/media/67a0990e1f9e7f7dcc7b3fa4/england-rates-2025-to-2026.csv,https://www.gov.uk/government/publications/universal-credit-local-housing-allowance-rates-2025-to-2026,da7e106fbc88a7f07e3668eba354c7d4873ced3b7e5a26398b9ebb64617dbfcf
dwp-uc-england-2026,ENGLAND,2026,dwp_uc,uc_rate,england-rates-2026-to-2027.csv,Department for Work and Pensions,England: Universal Credit Local Housing Allowance monthly rates 2026 to 2027,https://assets.publishing.service.gov.uk/media/69d654a2e1430e837a86f64a/england-rates-2026-to-2027.csv,https://www.gov.uk/government/publications/universal-credit-local-housing-allowance-rates-2026-to-2027,3b33d922342719b1970ff51b55f60dc4ea306d00bae63132c99b8977e89b0815
dwp-uc-scotland-2014-2019,SCOTLAND,2014-2019,dwp_uc,uc_rate,scotland-universal-credit-local-housing-allowance-rates-2014-2019.ods,Department for Work and Pensions,Scotland: Universal Credit Local Housing Allowance rates 2014 to 2019,https://assets.publishing.service.gov.uk/media/5d0a272b40f0b6200f963ad2/scotland-universal-credit-local-housing-allowance-rates-2014-2019.ods,https://www.gov.uk/government/publications/universal-credit-local-housing-allowance-rates,79d8024319b55caaf2bf55ef1a06121c9e8aee44a83f46690a4eb127c1d26a53
dwp-uc-scotland-2020,SCOTLAND,2020,dwp_uc,uc_rate,scotland-rates-2020-to_2021.ods,Department for Work and Pensions,Scotland: Universal Credit Local Housing Allowance rates 2020 to 2021,https://assets.publishing.service.gov.uk/media/606eedd7e90e076f4b1f130a/scotland-rates-2020-to_2021.ods,https://www.gov.uk/government/publications/universal-credit-local-housing-allowance-rates-2020-to-2021,911e067e55782284d9693d8a06a97825d637ba91112462f38a7047a1345c47b9
dwp-uc-scotland-2021,SCOTLAND,2021,dwp_uc,uc_rate,scotland-rates-2021-to-2022.ods,Department for Work and Pensions,Scotland: Universal Credit Local Housing Allowance rates 2021 to 2022,https://assets.publishing.service.gov.uk/media/606eefd48fa8f573607a3352/scotland-rates-2021-to-2022.ods,https://www.gov.uk/government/publications/universal-credit-local-housing-allowance-rates-2021-to-2022,6d09206972dfa5018e1d251b5ec0eda76ab9796506b2c14b9ad6f1388e1772d8
dwp-uc-scotland-2022,SCOTLAND,2022,dwp_uc,uc_rate,scotland-rates-2022-to-2023.csv,Department for Work and Pensions,Scotland: Universal Credit Local Housing Allowance monthly rates 2022 to 2023,https://assets.publishing.service.gov.uk/media/622f2031d3bf7f5a8b93abdc/scotland-rates-2022-to-2023.csv,https://www.gov.uk/government/publications/universal-credit-local-housing-allowance-rates-2022-to-2023,0086bdb2400c3250a0f8dbe6f731dd9344414c806e05bf3667940b0a9ae40424
dwp-uc-scotland-2023,SCOTLAND,2023,dwp_uc,uc_rate,scotland-rates-2023-to-2024.csv,Department for Work and Pensions,Scotland: Universal Credit Local Housing Allowance monthly rates 2023 to 2024,https://assets.publishing.service.gov.uk/media/646f73857dd6e7000ca9b3e0/scotland-rates-2023-to-2024.csv,https://www.gov.uk/government/publications/universal-credit-local-housing-allowance-rates-2023-to-2024,2830a06f91fa1d42bede32e6c19c0eb9d7cd79c6fe546ac6578dffbaae47963a
dwp-uc-scotland-2024,SCOTLAND,2024,dwp_uc,uc_rate,scotland-rates-2024-to-2025.csv,Department for Work and Pensions,Scotland: Universal Credit Local Housing Allowance monthly rates 2024 to 2025,https://assets.publishing.service.gov.uk/media/65af9f578bbe95000e5eb288/scotland-rates-2024-to-2025.csv,https://www.gov.uk/government/publications/universal-credit-local-housing-allowance-rates-2024-to-2025,3917552fe93983b40b9afd6a66f85dbc4de06d469834ce4694cabfeee2d706cb
dwp-uc-scotland-2025,SCOTLAND,2025,dwp_uc,uc_rate,scotland-rates-2025-to-2026.csv,Department for Work and Pensions,Scotland: Universal Credit Local Housing Allowance monthly rates 2025 to 2026,https://assets.publishing.service.gov.uk/media/67a0cc3bcae64da4967b3fd5/scotland-rates-2025-to-2026.csv,https://www.gov.uk/government/publications/universal-credit-local-housing-allowance-rates-2025-to-2026,3917552fe93983b40b9afd6a66f85dbc4de06d469834ce4694cabfeee2d706cb
dwp-uc-scotland-2026,SCOTLAND,2026,dwp_uc,uc_rate,scotland-rates-2026-to-2027.csv,Department for Work and Pensions,Scotland: Universal Credit Local Housing Allowance monthly rates 2026 to 2027,https://assets.publishing.service.gov.uk/media/69d657392ea7bc150a394ae5/scotland-rates-2026-to-2027.csv,https://www.gov.uk/government/publications/universal-credit-local-housing-allowance-rates-2026-to-2027,f14c8232dff86c458f592f6c5f3d2363cfc56c28701d98b80147e4c344a70f50
dwp-uc-wales-2014-2019,WALES,2014-2019,dwp_uc,uc_rate,wales-universal-credit-local-housing-allowance-rates-2014-2019.ods,Department for Work and Pensions,Wales: Universal Credit Local Housing Allowance rates 2014 to 2019,https://assets.publishing.service.gov.uk/media/5d0a273c40f0b6200e8818a0/wales-universal-credit-local-housing-allowance-rates-2014-2019.ods,https://www.gov.uk/government/publications/universal-credit-local-housing-allowance-rates,52896731dbd11eb1d72d2664c37ba83fae59aea8c57db3e4c5202df4c910f3b4
dwp-uc-wales-2020,WALES,2020,dwp_uc,uc_rate,welsh-rates-2020-to-2021.ods,Department for Work and Pensions,Wales: Universal Credit Local Housing Allowance rates 2020 to 2021,https://assets.publishing.service.gov.uk/media/606eede98fa8f5735b660282/welsh-rates-2020-to-2021.ods,https://www.gov.uk/government/publications/universal-credit-local-housing-allowance-rates-2020-to-2021,ca005ae5b7ad77ca4a49fc275d5cdc81ae78453cde96c3798cf6bca30e113f20
dwp-uc-wales-2021,WALES,2021,dwp_uc,uc_rate,wales-rates-2021-to-2022.ods,Department for Work and Pensions,Wales: Universal Credit Local Housing Allowance rates 2021 to 2022,https://assets.publishing.service.gov.uk/media/606eeff88fa8f57363246b85/wales-rates-2021-to-2022.ods,https://www.gov.uk/government/publications/universal-credit-local-housing-allowance-rates-2021-to-2022,fbd2a917e5496d67008eebb520c63fcd86f85f5792187c58773ab3ef2cc44a6b
dwp-uc-wales-2022,WALES,2022,dwp_uc,uc_rate,wales-rates-2022-to-2023.csv,Department for Work and Pensions,Wales: Universal Credit Local Housing Allowance monthly rates 2022 to 2023,https://assets.publishing.service.gov.uk/media/622f204e8fa8f56c226e63f1/wales-rates-2022-to-2023.csv,https://www.gov.uk/government/publications/universal-credit-local-housing-allowance-rates-2022-to-2023,01c67aa7bd756e84d75c66cfe153a2bc0a237e8c77afbb8ab3a0db8cf2427536
dwp-uc-wales-2023,WALES,2023,dwp_uc,uc_rate,wales-rates-2023-to-2024.csv,Department for Work and Pensions,Wales: Universal Credit Local Housing Allowance monthly rates 2023 to 2024,https://assets.publishing.service.gov.uk/media/646f733aab40bf000c196a9e/wales-rates-2023-to-2024.csv,https://www.gov.uk/government/publications/universal-credit-local-housing-allowance-rates-2023-to-2024,55b978cbc13c8c0d4ec44d48e40833b75fd49b04aceb0f214bc17dcb4f7146dd
dwp-uc-wales-2024,WALES,2024,dwp_uc,uc_rate,wales-rates-2024-to-2025.csv,Department for Work and Pensions,Wales: Universal Credit Local Housing Allowance monthly rates 2024 to 2025,https://assets.publishing.service.gov.uk/media/65ba3dfcee7d490013984a65/wales-rates-2024-to-2025.csv,https://www.gov.uk/government/publications/universal-credit-local-housing-allowance-rates-2024-to-2025,1e4edb33428a476e6268649ea217f4f3c322d46e558839fbad10b1e1135c9f3b
dwp-uc-wales-2025,WALES,2025,dwp_uc,uc_rate,wales-rates-2025-to-2026.csv,Department for Work and Pensions,Wales: Universal Credit Local Housing Allowance monthly rates 2025 to 2026,https://assets.publishing.service.gov.uk/media/67a0cd47cae64da4967b3fd7/wales-rates-2025-to-2026.csv,https://www.gov.uk/government/publications/universal-credit-local-housing-allowance-rates-2025-to-2026,1e4edb33428a476e6268649ea217f4f3c322d46e558839fbad10b1e1135c9f3b
dwp-uc-wales-2026,WALES,2026,dwp_uc,uc_rate,wales-rates-2026-to-2027.csv,Department for Work and Pensions,Wales: Universal Credit Local Housing Allowance monthly rates 2026 to 2027,https://assets.publishing.service.gov.uk/media/69d6574a28142a9bd207ba09/wales-rates-2026-to-2027.csv,https://www.gov.uk/government/publications/universal-credit-local-housing-allowance-rates-2026-to-2027,88fbcad674a785ec237edf13a1c5e6fa921c1375bfc0c49528b2f144e5654ed8
scotland-2015,SCOTLAND,2015,gov_scot,rate=0;percentile_30=1,scotland-2015.html,Scottish Government (Rent Service Scotland),Local Housing Allowance Figures (2015-2016 archived original),https://web.archive.org/web/20150627210339id_/http://www.gov.scot/Topics/Built-Environment/Housing/privaterent/tenants/Local-Housing-Allowance/figures,https://web.archive.org/web/20150627210339id_/http://www.gov.scot/Topics/Built-Environment/Housing/privaterent/tenants/Local-Housing-Allowance/figures,fd099f86474bc77774aa3da04f30588c8dd85d535d25de7a9801fd32445a7102
scotland-2016,SCOTLAND,2016,gov_scot,rate=0,scotland-2016.html,Scottish Government (Rent Service Scotland),Local Housing Allowance rates,https://www.gov.scot/publications/local-housing-allowance-figures/,https://www.gov.scot/publications/local-housing-allowance-figures/,122e5848c7aac8de7940b14a09412dace3e1c45e05e0b9003b5a417f4c9c65c2
scotland-2016-methodology,SCOTLAND,2016,gov_scot,percentile_30=1,scotland-2016-methodology.html,Scottish Government (Rent Service Scotland),Local Housing Allowance Figures (archived original page),https://web.archive.org/web/20160409225147id_/http://www.gov.scot/Topics/Built-Environment/Housing/privaterent/tenants/Local-Housing-Allowance/figures,https://web.archive.org/web/20160409225147id_/http://www.gov.scot/Topics/Built-Environment/Housing/privaterent/tenants/Local-Housing-Allowance/figures,1c8d357ae1d411a8b40b0f613a2cd54c632e219bb1bb23b83ec99cc072a898d1
scotland-2017,SCOTLAND,2017,gov_scot,rate=0;percentile_30=1,scotland-2017.html,Scottish Government (Rent Service Scotland),Local Housing Allowance rates 2017-2018,https://www.gov.scot/publications/local-housing-allowance-rates-2017/,https://www.gov.scot/publications/local-housing-allowance-rates-2017/,9f670ac61986599ab8f4f1224fb5766823525050c30430df98a27c6fff8b54e8
scotland-2018,SCOTLAND,2018,gov_scot,rate=0;percentile_30=1,scotland-2018.html,Scottish Government (Rent Service Scotland),Local Housing Allowance rates 2018-2019,https://www.gov.scot/publications/local-housing-allowance-rates-2018-2019/,https://www.gov.scot/publications/local-housing-allowance-rates-2018-2019/,bbb5a35a180bfd7bd6512ada5108378bfd18c4707b65b64f51980eca348dedf5
scotland-2019,SCOTLAND,2019,gov_scot,rate=0;percentile_30=1,scotland-2019.html,Scottish Government (Rent Service Scotland),Local Housing Allowance Rates: 2019-2020,https://www.gov.scot/publications/local-housing-allowance-rates-2019-2020/,https://www.gov.scot/publications/local-housing-allowance-rates-2019-2020/,53e8c28e04dedf636753706f4dd84ccd683bb7a652161dc57b839dba007e6f7c
scotland-2020,SCOTLAND,2020,gov_scot,rate=0;percentile_30=1,scotland-2020.html,Scottish Government (Rent Service Scotland),Local Housing Allowance Rates: 2020-2021,https://www.gov.scot/publications/local-housing-allowance-rates-2020-2021/,https://www.gov.scot/publications/local-housing-allowance-rates-2020-2021/,5662cd4c301d3d9765a1b62fe110c23eda7ca6622e66eae1e87836d83b8db716
scotland-2021,SCOTLAND,2021,gov_scot,rate=0;percentile_30=1,scotland-2021.html,Scottish Government (Rent Service Scotland),Local Housing Allowance Rates: 2021-2022,https://www.gov.scot/publications/local-housing-allowance-rates-2021-2022/,https://www.gov.scot/publications/local-housing-allowance-rates-2021-2022/,c45891e88f9d0ac538566d4ff612c41439758f34e9cade08cdff3640a5083719
scotland-2022,SCOTLAND,2022,gov_scot,rate=0;percentile_30=1,scotland-2022.html,Scottish Government (Rent Service Scotland),Local Housing Allowance Rates: 2022-2023,https://www.gov.scot/publications/local-housing-allowance-rates-2022-2023/,https://www.gov.scot/publications/local-housing-allowance-rates-2022-2023/,fd552ddd66362e870c1d9ee458870e86cb38e24a799f09404e30378ca14351fc
scotland-2023,SCOTLAND,2023,gov_scot,rate=0;percentile_30=1,scotland-2023.html,Scottish Government (Rent Service Scotland),Local Housing Allowance Rates: 2023-2024,https://www.gov.scot/publications/local-housing-allowance-rates-2023-2024/,https://www.gov.scot/publications/local-housing-allowance-rates-2023-2024/,0167e7295af56f0494af9f84894cdb0c8ef1bcf065f3ad2379b41084b21c026a
scotland-2024,SCOTLAND,2024,gov_scot,rate=0;percentile_30=1,scotland-2024.html,Scottish Government (Rent Service Scotland),Local Housing Allowance Rates: 2024-2025,https://www.gov.scot/publications/local-housing-allowance-rates-2024-2025/,https://www.gov.scot/publications/local-housing-allowance-rates-2024-2025/,0b8fbae790c04406282d161a6239e919e21fed11db6053599c2d45e66a27cc53
scotland-2025,SCOTLAND,2025,gov_scot,rate=0;percentile_30=1,scotland-2025.html,Scottish Government (Rent Service Scotland),Local Housing Allowance Rates: 2025-2026,https://www.gov.scot/publications/local-housing-allowance-rates/pages/2025-to-2026/,https://www.gov.scot/publications/local-housing-allowance-rates/pages/2025-to-2026/,db4da07a6931cfb4bf52f608f74bc952929ffb0aacc6b45b413c1fc00538a202
scotland-2026,SCOTLAND,2026,gov_scot,rate=0;percentile_30=1,scotland-2026.html,Scottish Government (Rent Service Scotland),Local Housing Allowance Rates: 2026-2027,https://www.gov.scot/publications/local-housing-allowance-rates/pages/2026-to-2027/,https://www.gov.scot/publications/local-housing-allowance-rates/pages/2026-to-2027/,f1b360b33efa0cf9327d125630847dd709beb08d80d7e689f9076a24066b1971
nihe-hb-2015,NORTHERN_IRELAND,2015,nihe,hb_transposed,nihe-hb-2015.html,Northern Ireland Housing Executive,2015/2016 LHA rates,https://web.archive.org/web/20160420182640id_/http://www.nihe.gov.uk/index/benefits/lha/2014_lha_rates.htm,https://web.archive.org/web/20160420182640/http://www.nihe.gov.uk/index/benefits/lha/2014_lha_rates.htm,63775eddf65ab5acdea381f8a352bde75846b78a41ab336a3c2cce63abbf48ed
nihe-p30-2015,NORTHERN_IRELAND,2015,nihe,percentile_tables,nihe-p30-2015.html,Northern Ireland Housing Executive,LHA rates - how we calculate them: 2015/16,https://web.archive.org/web/20160312110430id_/http://www.nihe.gov.uk/index/benefits/lha/current_lha_rates/calculate_2014_rates.htm,https://web.archive.org/web/20160312110430/http://www.nihe.gov.uk/index/benefits/lha/current_lha_rates/calculate_2014_rates.htm,d6601e0120ddedfb58a40881a9f1386af198a784f06565ddea24e81e2411c7ff
nihe-hb-2016,NORTHERN_IRELAND,2016,nihe,hb_transposed,nihe-hb-2016.html,Northern Ireland Housing Executive,Current LHA rates: 1 April 2016 to 31 March 2017,https://web.archive.org/web/20160420182645id_/http://www.nihe.gov.uk/index/benefits/lha/current_lha_rates.htm,https://web.archive.org/web/20160420182645/http://www.nihe.gov.uk/index/benefits/lha/current_lha_rates.htm,143053a16f27d7b199751f4619a3f337804d35d09bd4539f14a6ce594f302aea
nihe-p30-2016,NORTHERN_IRELAND,2016,nihe,percentile_tables,nihe-p30-2016.html,Northern Ireland Housing Executive,LHA rates - how we calculate them: 2016,https://web.archive.org/web/20160412205823id_/http://www.nihe.gov.uk/index/benefits/lha/current_lha_rates/calculate_2014_rates.htm,https://web.archive.org/web/20160412205823/http://www.nihe.gov.uk/index/benefits/lha/current_lha_rates/calculate_2014_rates.htm,7b939e260b6550e2c835a89f5bddb98c61b25fabb56f4ece38d2a96bc3203ec2
nihe-hb-2017,NORTHERN_IRELAND,2017,nihe,hb_transposed,nihe-hb-2017.html,Northern Ireland Housing Executive,Current LHA rates: 1 April 2017 to 31 March 2018,https://web.archive.org/web/20170505055401id_/http://www.nihe.gov.uk/index/benefits/lha/current_lha_rates.htm,https://web.archive.org/web/20170505055401/http://www.nihe.gov.uk/index/benefits/lha/current_lha_rates.htm,16c9f7fbc3c1b3fb5dbed6311cf1663ec6986083bb321e55cba792fc124894e6
nihe-p30-2017,NORTHERN_IRELAND,2017,nihe,percentile_tables,nihe-p30-2017.html,Northern Ireland Housing Executive,LHA rates - how we calculate them: 2017,https://web.archive.org/web/20170509151051id_/http://www.nihe.gov.uk/index/benefits/lha/current_lha_rates/calculate_2014_rates.htm,https://web.archive.org/web/20170509151051/http://www.nihe.gov.uk/index/benefits/lha/current_lha_rates/calculate_2014_rates.htm,04744ace7b7b24eefe924b0d3672f663d2de2f2a1dfb7ddbd27fa78c7bad3771
nihe-hb-2018,NORTHERN_IRELAND,2018,nihe,hb_transposed,nihe-hb-2018.html,Northern Ireland Housing Executive,Current LHA rates: 1 April 2018 to 31 March 2019,https://web.archive.org/web/20181126173900id_/https://www.nihe.gov.uk/index/benefits/lha/current_lha_rates.htm,https://web.archive.org/web/20181126173900/https://www.nihe.gov.uk/index/benefits/lha/current_lha_rates.htm,8d6d566305b65a22cddf1e982b5deda01f4c953901240aec52e0e7b964feb982
nihe-p30-2018,NORTHERN_IRELAND,2018,nihe,percentile_accordion,nihe-p30-2018.html,Northern Ireland Housing Executive,How we calculate LHA rent levels: 2018,https://web.archive.org/web/20190923155210id_/https://www.nihe.gov.uk/Housing-Help/Local-Housing-Allowance/How-we-calculate-LHA-rent-levels,https://web.archive.org/web/20190923155210/https://www.nihe.gov.uk/Housing-Help/Local-Housing-Allowance/How-we-calculate-LHA-rent-levels,7b5fe26e35783a9f53b1d4f38341ab7d2063255c56687788e0d4290e460c00dc
nihe-hb-2019,NORTHERN_IRELAND,2019,nihe,hb_accordion,nihe-hb-2019.html,Northern Ireland Housing Executive,Current LHA rent levels: 1 April 2019 to 31 March 2020,https://web.archive.org/web/20190923151443id_/https://www.nihe.gov.uk/Housing-Help/Local-Housing-Allowance/Current-LHA-rent-levels,https://web.archive.org/web/20190923151443/https://www.nihe.gov.uk/Housing-Help/Local-Housing-Allowance/Current-LHA-rent-levels,2534b9cf321381da78f57fb6df7f3f1dd910209f5112454bc9071a6afd465449
nihe-hb-2020,NORTHERN_IRELAND,2020,nihe,hb_accordion,nihe-hb-2020.html,Northern Ireland Housing Executive,LHA rates (1 April 2020 to 31 March 2021),https://web.archive.org/web/20200803233038id_/https://www.nihe.gov.uk/Housing-Help/Local-Housing-Allowance/Current-LHA-rent-levels,https://www.nihe.gov.uk/Housing-Help/Local-Housing-Allowance/Current-LHA-rent-levels,09bdfdd3eedfb9d14af97d076507f5d8eeb62ff60a08561a95d9bcc9a37266c0
nihe-hb-2021,NORTHERN_IRELAND,2021,nihe,hb_accordion,nihe-hb-2021.html,Northern Ireland Housing Executive,LHA rates 1 April 2021 to 31 March 2022,https://web.archive.org/web/20220120224357id_/https://www.nihe.gov.uk/Housing-Help/Local-Housing-Allowance/Current-LHA-rent-levels,https://www.nihe.gov.uk/Housing-Help/Local-Housing-Allowance/Current-LHA-rent-levels,e78cee355e653fe45c1f53ab60b9a46d551fc1d905032c33af848af8e6351b50
nihe-hb-2022,NORTHERN_IRELAND,2022,nihe,hb_accordion,nihe-hb-2022.html,Northern Ireland Housing Executive,LHA rates 1 April 2021 to 31 March 2023,https://web.archive.org/web/20230202104621id_/https://www.nihe.gov.uk/housing-help/local-housing-allowance/current-lha-rent-levels,https://www.nihe.gov.uk/housing-help/local-housing-allowance/current-lha-rent-levels,0a910478020b6de5eaa158354a92eb9c778893e615238b361abda61943de3c2c
nihe-hb-2023,NORTHERN_IRELAND,2023,nihe,hb_accordion,nihe-hb-2023.html,Northern Ireland Housing Executive,LHA rents 1 April 2023 to 31 March 2024,https://web.archive.org/web/20240615042702id_/https://www.nihe.gov.uk/housing-help/local-housing-allowance/previous-lha-rent-levels,https://www.nihe.gov.uk/housing-help/local-housing-allowance/previous-lha-rent-levels,c1b60d5d25dd4215bcab84a0a4624ef86f8207bfd3d5e0412d9762bb50a2d020
ni-uc-2024-nidirect-archive,NORTHERN_IRELAND,2024,nihe,uc_table,ni-uc-2024-nidirect-archive.html,nidirect (Department for Communities),Universal Credit payments for housing,https://web.archive.org/web/20240920131132id_/https://www.nidirect.gov.uk/articles/universal-credit-payments-housing,https://www.nidirect.gov.uk/articles/universal-credit-payments-housing,d89ab34d019dc31fb07d1a4a287b8aaf44d156061df31dae114deeca2c4b53d0
nihe-hb-2024,NORTHERN_IRELAND,2024,nihe,hb_accordion,nihe-hb-2024.html,Northern Ireland Housing Executive,LHA rents 1 April 2024 to 31 March 2025,https://web.archive.org/web/20240410023810id_/https://www.nihe.gov.uk/housing-help/local-housing-allowance/current-lha-rent-levels,https://www.nihe.gov.uk/housing-help/local-housing-allowance/current-lha-rent-levels,28926b1d94fc786514bd936db5d180c7572c519427675134b7be18847ab00337
ni-uc-2025-nidirect-archive,NORTHERN_IRELAND,2025,nihe,uc_table,ni-uc-2025-nidirect-archive.html,nidirect (Department for Communities),Universal Credit payments for housing,https://web.archive.org/web/20260204225357id_/https://www.nidirect.gov.uk/articles/universal-credit-payments-housing,https://www.nidirect.gov.uk/articles/universal-credit-payments-housing,ef7b4470036d0ae148564f8efb43353a0d0e296e53bc50a9eba5ac63a827b2c4
nihe-hb-2025,NORTHERN_IRELAND,2025,nihe,hb_accordion,nihe-hb-2025.html,Northern Ireland Housing Executive,LHA rents 1 April 2025 to 31 March 2026,https://web.archive.org/web/20260205034616id_/https://www.nihe.gov.uk/housing-help/local-housing-allowance/current-lha-rent-levels,https://www.nihe.gov.uk/housing-help/local-housing-allowance/current-lha-rent-levels,05ef593e5f4348d0375d6bdbde3c62b1708ba93bcc480b4b61661480ef8287f0
ni-uc-2026-nidirect,NORTHERN_IRELAND,2026,nihe,uc_table,ni-uc-2026-nidirect.html,nidirect (Department for Communities),Universal Credit payments for housing,https://www.nidirect.gov.uk/articles/universal-credit-payments-housing,https://www.nidirect.gov.uk/articles/universal-credit-payments-housing,91c4b870490f4106bc534b104a8d5a7e3e90c956e059de224675d281e73158d7
wales-2014,WALES,2014,rent_officers_wales,Table_1_-_Weekly,local-housing-allowance-rates-2014_0.ods,Rent Officers Wales (Welsh Government),Local Housing Allowance (LHA) rates from April 2014 to March 2015,https://www.gov.wales/sites/default/files/publications/2019-03/local-housing-allowance-rates-2014_0.ods,https://www.gov.wales/local-housing-allowance-lha-rates-april-2014-march-2015,c50cacf199af30aa3b48a759a303ce20e3f0d259afe5cd4c011e4e2eada6635e
wales-2015,WALES,2015,rent_officers_wales,Table_1_-_Weekly,local-housing-allowance-rates-2015_0.ods,Rent Officers Wales (Welsh Government),Local Housing Allowance (LHA) rates from April 2015 to March 2016,https://www.gov.wales/sites/default/files/publications/2019-03/local-housing-allowance-rates-2015_0.ods,https://www.gov.wales/local-housing-allowance-lha-rates-april-2015-march-2016,88e6af0a600af11343f54556c4c20c298c1d006f0bb3ac9f123eaed46abd6c21
wales-2016,WALES,2016,rent_officers_wales,Table_1_-_Weekly,local-housing-allowance-rates-2016_0.ods,Rent Officers Wales (Welsh Government),Local Housing Allowance (LHA) rates from April 2016 to March 2017,https://www.gov.wales/sites/default/files/publications/2019-03/local-housing-allowance-rates-2016_0.ods,https://www.gov.wales/local-housing-allowance-lha-rates-april-2016-march-2017,d348bed5db09bfb312ee3a9fad2f85c7dbd8c7c8e6cb27fe8f8ea6312751b213
wales-2017,WALES,2017,rent_officers_wales,Table_1_-_Weekly,local-housing-allowance-rates-2017.ods,Rent Officers Wales (Welsh Government),Local Housing Allowance (LHA) rates from April 2017 to March 2018,https://www.gov.wales/sites/default/files/publications/2019-03/local-housing-allowance-rates-2017.ods,https://www.gov.wales/local-housing-allowance-lha-rates-april-2017-march-2018,c696a4db25346abed541bc8821ff35caeec86add449e643cdeeb02902aa6dddc
wales-2018,WALES,2018,rent_officers_wales,Table_1_-_Weekly,local-housing-allowance-rates-2018.ods,Rent Officers Wales (Welsh Government),Local Housing Allowance (LHA) rates from April 2018 to March 2019,https://www.gov.wales/sites/default/files/publications/2019-03/local-housing-allowance-rates-2018.ods,https://www.gov.wales/local-housing-allowance-lha-rates-april-2018-march-2019,36533c442d6ae29b7311569d10f6017277c3225f22474a7e3e51b0b2f4aa571a
wales-2019,WALES,2019,rent_officers_wales,Table_1_-_Weekly,190131-local-housing-allowance-rates-2019.ods,Rent Officers Wales (Welsh Government),Local Housing Allowance (LHA) rates from April 2019 to March 2020,https://www.gov.wales/sites/default/files/publications/2019-03/190131-local-housing-allowance-rates-2019.ods,https://www.gov.wales/local-housing-allowance-lha-rates-april-2019-march-2020,0345367546331d4e47459f2639bac64594326507dd539146088ec13af63f212e
wales-2020,WALES,2020,rent_officers_wales,Table_1_-_Weekly,local-housing-allowance-rates-April-2020-March-2021.ods,Rent Officers Wales (Welsh Government),Local Housing Allowance (LHA) rates from April 2020 to March 2021,https://www.gov.wales/sites/default/files/publications/2020-03/local-housing-allowance-rates-April-2020-March-2021.ods,https://www.gov.wales/local-housing-allowance-lha-rates-april-2020-march-2021,d1365d4697f0c2181a90ea201f72313fce9dd7fd0984296c322b041b7e25c5e2
wales-2021,WALES,2021,rent_officers_wales,Table_1_-_Weekly,local-housing-allowance-rates-April-2021-March-2022.ods,Rent Officers Wales (Welsh Government),Local Housing Allowance (LHA) rates from April 2021 to March 2022,https://www.gov.wales/sites/default/files/publications/2021-02/local-housing-allowance-rates-April-2021-March-2022.ods,https://www.gov.wales/local-housing-allowance-lha-rates-april-2021-march-2022,6c6a343cdca0eaec4dd1dd3121828255055dc4293caf22802967a510c41c88fc
wales-2022,WALES,2022,rent_officers_wales,Table_1_-_Weekly,local-housing-allowance-rates-April-2022-March-2023.ods,Rent Officers Wales (Welsh Government),Local Housing Allowance (LHA) rates from April 2022 to March 2023,https://www.gov.wales/sites/default/files/publications/2022-07/local-housing-allowance-rates-April-2022-March-2023.ods,https://www.gov.wales/local-housing-allowance-lha-rates-april-2022-march-2023,eb76de13bec456bcd68e2d77f58da96730e532ac2240d58752e87728380d6d8f
wales-2023,WALES,2023,rent_officers_wales,Table_1_-_Weekly,local-housing-allowance-rates-April-2023-March-2024.ods,Rent Officers Wales (Welsh Government),Local Housing Allowance (LHA) rates from April 2023 to March 2024,https://www.gov.wales/sites/default/files/publications/2023-01/local-housing-allowance-rates-April-2023-March-2024.ods,https://www.gov.wales/local-housing-allowance-lha-rates-april-2023-march-2024,97305eb4e90b98e9f3c815f590fd9b4ac4cf710d65dd3f1763113ab3e8d8415a
wales-2024,WALES,2024,rent_officers_wales,Table_1_-_Weekly,local-housing-allowance-rates-2024-2025.ods,Rent Officers Wales (Welsh Government),Local Housing Allowance (LHA) rates from April 2024 to March 2025,https://www.gov.wales/sites/default/files/publications/2024-01/local-housing-allowance-rates-2024-2025.ods,https://www.gov.wales/local-housing-allowance-lha-rates-april-2024-march-2025,8dd9adab655996e604c53525eaa39415790c8fc1a3342ef8784c9412f62fd2ea
wales-2025,WALES,2025,rent_officers_wales,Table_1_-_Weekly,local-housing-allowance-rates-2025-2026.ods,Rent Officers Wales (Welsh Government),Local Housing Allowance (LHA) rates from April 2025 to March 2026,https://www.gov.wales/sites/default/files/publications/2025-01/local-housing-allowance-rates-2025-2026.ods,https://www.gov.wales/local-housing-allowance-lha-rates-april-2025-march-2026,09ae3c93f940b4baa02ae7f7d3c99d0482ba152eebd1c6418c7eb98cff9e36b5
wales-2026,WALES,2026,rent_officers_wales,Table_1_-_Weekly,local-housing-allowance-rates-2026-2027-17066.ods,Rent Officers Wales (Welsh Government),Local Housing Allowance (LHA) rates from April 2026 to March 2027,https://www.gov.wales/sites/default/files/publications/2026-01/local-housing-allowance-rates-2026-2027-17066.ods,https://www.gov.wales/local-housing-allowance-lha-rates-april-2026-march-2027,9d8b5f6704f28f6230fe35ac9ca6136d01e39e3615114a01aecea70f2e175397
voa-2014,ENGLAND,2014,voa,rate=Table 4;percentile_30=Table 2,LHA_Tables_2014_-_2015.xls,Valuation Office Agency,Local Housing Allowance (LHA) rates applicable from April 2014 to March 2015,https://assets.publishing.service.gov.uk/media/69c4f661471d520038d0f65d/LHA_Tables_2014_-_2015.xls,https://www.gov.uk/government/publications/local-housing-allowance-lha-rates-applicable-from-april-2014-to-march-2015,0ad6c7b85c35cce23d7c9fef982b408498a84291f300712696c58416cdfaf029
voa-2015,ENGLAND,2015,voa,rate=Table 4;percentile_30=Table 2,FINAL_2015_LHA_RATES.xls,Valuation Office Agency,Local Housing Allowance (LHA) rates applicable from April 2015 to March 2016,https://assets.publishing.service.gov.uk/media/5a7e172a40f0b62305b80bcd/FINAL_2015_LHA_RATES.xls,https://www.gov.uk/government/publications/local-housing-allowance-lha-rates-applicable-from-april-2015-march-2016,eb79f5a6ae295f96f48455f7fe183e8e04c8c8ce543141839bde3695dd1efe95
voa-2016,ENGLAND,2016,voa,rate=Table 3;percentile_30=Table 2,FINAL_2016_LHA_RATES.xls,Valuation Office Agency,Local Housing Allowance (LHA) rates applicable from April 2016 to March 2017,https://assets.publishing.service.gov.uk/media/5a815b85ed915d74e33fdc26/FINAL_2016_LHA_RATES.xls,https://www.gov.uk/government/publications/local-housing-allowance-lha-rates-applicable-from-april-2016-march-2017,29dc6c6fa4d60bc2cb7e1f57cb8113b8aa5d2cdd71d7f7d96eba5b9403a4c127
voa-2017,ENGLAND,2017,voa,rate=Table 5;percentile_30=Table 3,2017_LHA_TABLES.xlsx,Valuation Office Agency,Local Housing Allowance (LHA) rates applicable from April 2017 to March 2018,https://assets.publishing.service.gov.uk/media/5a7f97d9ed915d74e622b686/2017_LHA_TABLES.xlsx,https://www.gov.uk/government/publications/local-housing-allowance-lha-rates-applicable-from-april-2017-march-2018,beb5d794c11f5d4ebfea2fc4c07a93a2507c19268f5072fd9abeb8802b7309da
voa-2018,ENGLAND,2018,voa,rate=Table 4;percentile_30=Table 2,2018_LHA_TABLES.xlsx,Valuation Office Agency,Local Housing Allowance (LHA) rates applicable from April 2018 to March 2019,https://assets.publishing.service.gov.uk/media/5a82d09240f0b6230269cd9b/2018_LHA_TABLES.xlsx,https://www.gov.uk/government/publications/local-housing-allowance-lha-rates-applicable-from-april-2018-to-march-2019,cb85f7283bff37c1ebaa90de0c043b1a4e469b56eacb701c92d1bc443c5bb041
voa-2019,ENGLAND,2019,voa,rate=Table 4;percentile_30=Table 2,2019-20_LHA_TABLES.xlsx,Valuation Office Agency,Local Housing Allowance (LHA) rates applicable from April 2019 to March 2020,https://assets.publishing.service.gov.uk/media/5c52dcc540f0b62533d59eec/2019-20_LHA_TABLES.xlsx,https://www.gov.uk/government/publications/local-housing-allowance-lha-rates-applicable-from-april-2019-to-march-2020,425f057dbe55628a96546b90f5bbc6d7503b67072fb5c2f4a19da56b1c3961db
voa-2020,ENGLAND,2020,voa,rate=Table 4;percentile_30=Table 2,AMENDED__CORVID_19__2020_21_LHA_TABLES.xlsx,Valuation Office Agency,Local Housing Allowance (LHA) rates applicable from April 2020 to March 2021 - amendment as instructed by The Social Security (Coronavirus) (Further Measures) Regulations 2020,https://assets.publishing.service.gov.uk/media/5e7b556ed3bf7f1342511ff9/AMENDED__CORVID_19__2020_21_LHA_TABLES.xlsx,https://www.gov.uk/government/publications/local-housing-allowance-lha-rates-applicable-from-april-2020-to-march-2021,77a224251d10829d535d9b8c9d9777111777b3afcf4ae100045bd7c673763f3a
voa-2021,ENGLAND,2021,voa,rate=Table 4;percentile_30=Table 2,2021-22_LHA_TABLES.xlsx,Valuation Office Agency,Local Housing Allowance (LHA) rates applicable from April 2021 to March 2022,https://assets.publishing.service.gov.uk/media/60140805e90e07626a866b57/2021-22_LHA_TABLES.xlsx,https://www.gov.uk/government/publications/local-housing-allowance-lha-rates-applicable-from-april-2021-to-march-2022,cb78e00802f19fb20e227ea3718c4fe58de10638f9a8bf4790548c561d8f96a6
voa-2022,ENGLAND,2022,voa,rate=Table 4;percentile_30=Table 2,2022-23_LHA_TABLES.xlsx,Valuation Office Agency,Local Housing Allowance (LHA) rates applicable from April 2022 to March 2023,https://assets.publishing.service.gov.uk/media/61f7c32c8fa8f53894502121/2022-23_LHA_TABLES.xlsx,https://www.gov.uk/government/publications/local-housing-allowance-lha-rates-applicable-from-april-2022-to-march-2023,9fac718780e56f49c44a20e542457884d84d88567ede24e1435803fc58b7fe8d
voa-2023,ENGLAND,2023,voa,rate=Table 4;percentile_30=Table 2,2023-24_LHA_TABLES.xlsx,Valuation Office Agency,Local Housing Allowance (LHA) rates applicable from April 2023 to March 2024,https://assets.publishing.service.gov.uk/media/63d90ab68fa8f518877e76ca/2023-24_LHA_TABLES.xlsx,https://www.gov.uk/government/publications/local-housing-allowance-lha-rates-applicable-from-april-2023-to-march-2024,7d92584d55adabb0ef91185054fbc611063c329b208693b0a05b8baddaec1f58
voa-2024,ENGLAND,2024,voa,rate=Table 4;percentile_30=Table 2,2024-25_LHA_TABLES.xlsx,Valuation Office Agency,Local Housing Allowance (LHA) rates applicable from April 2024 to March 2025,https://assets.publishing.service.gov.uk/media/65d767f254f1e70011165894/2024-25_LHA_TABLES.xlsx,https://www.gov.uk/government/publications/local-housing-allowance-lha-rates-applicable-from-april-2024-to-march-2025,c8933cf3053f0931e7dc0fe4543637790e630ba8cc60652da4a9dc7274e56442
voa-2025,ENGLAND,2025,voa,rate=Table 4;percentile_30=Table 2,2025-26_LHA_TABLES.xlsx,Valuation Office Agency,Local Housing Allowance (LHA) rates applicable from April 2025 to March 2026,https://assets.publishing.service.gov.uk/media/679c9493c496e5d3ddafb61d/2025-26_LHA_TABLES.xlsx,https://www.gov.uk/government/publications/local-housing-allowance-lha-rates-applicable-from-april-2025-to-march-2026,828248b8aa5aaadd2c962076c77988ce1a4763bbebefae294b7f50f0786dfcbb
voa-2026,ENGLAND,2026,voa,rate=Table 4;percentile_30=Table 2,2026-27_LHA_TABLES.xlsx,Valuation Office Agency,Local Housing Allowance (LHA) rates applicable from April 2026 to March 2027,https://assets.publishing.service.gov.uk/media/697b8034f8f4a746d9572f47/2026-27_LHA_TABLES.xlsx,https://www.gov.uk/government/publications/local-housing-allowance-lha-rates-applicable-from-april-2026-to-march-2027,ea8664cc0d4e3c94c5e8ba3ab0373192531bf1099922a779fb24942c5ae59f6c
